concept	name	in_anno	in_ydb	in_iris	anno_section	ydb_section	iris_section
commands	CLOSE	true	true	true	pages/a108025.html#8.2.2	ProgrammersGuide/commands.rst#Close	site/RCOS_cclose.html#RCOS_cclose
commands	DO	true	true	true	pages/a108026.html#8.2.3	ProgrammersGuide/commands.rst#Do	site/RCOS_cdo.html#RCOS_cdo
commands	ELSE	true	true	true	pages/a108027.html#8.2.4	ProgrammersGuide/commands.rst#Else	site/RCOS_celse.html#RCOS_celse
commands	FOR	true	true	true	pages/a108031.html#8.2.5	ProgrammersGuide/commands.rst#For	site/RCOS_cfor.html#RCOS_cfor
commands	GOTO	true	true	true	pages/a108032.html#8.2.6	ProgrammersGuide/commands.rst#Goto	site/RCOS_cgoto.html#RCOS_cgoto
commands	HANG	true	true	true	pages/a108034.html#8.2.8	ProgrammersGuide/commands.rst#HANG	site/RCOS_chang.html#RCOS_chang
commands	IF	true	true	true	pages/a108035.html#8.2.9	ProgrammersGuide/commands.rst#If	site/RCOS_cif.html#RCOS_cif
commands	KILL	true	true	true	pages/a108037.html#8.2.11	ProgrammersGuide/commands.rst#Kill	site/RCOS_ckill.html#RCOS_ckill
commands	LOCK	true	true	true	pages/a108040.html#8.2.12	ProgrammersGuide/commands.rst#Lock	site/RCOS_clock.html#RCOS_clock
commands	MERGE	true	true	true	pages/a108041.html#8.2.13	ProgrammersGuide/commands.rst#Merge	site/RCOS_cmerge.html#RCOS_cmerge
commands	NEW	true	true	true	pages/a108042.html#8.2.14	ProgrammersGuide/commands.rst#New	site/RCOS_cnew.html#RCOS_cnew
commands	OPEN	true	true	true	pages/a108043.html#8.2.15	ProgrammersGuide/commands.rst#Open	site/RCOS_copen.html#RCOS_copen
commands	QUIT	true	true	true	pages/a108044.html#8.2.16	ProgrammersGuide/commands.rst#Quit	site/RCOS_cquit.html#RCOS_cquit
commands	READ	true	true	true	pages/a108045.html#8.2.17	ProgrammersGuide/commands.rst#READ	site/RCOS_cread.html#RCOS_cread
commands	SET	true	true	true	pages/a108048.html#8.2.18	ProgrammersGuide/commands.rst#Set	site/RCOS_cset.html#RCOS_cset
commands	TCOMMIT	true	true	true	pages/a108049.html#8.2.19	ProgrammersGuide/commands.rst#TCommit	site/RCOS_ctcommit.html#RCOS_ctcommit
commands	TROLLBACK	true	true	true	pages/a108052.html#8.2.21	ProgrammersGuide/commands.rst#TROllback	site/RCOS_ctrollback.html#RCOS_ctrollback
commands	TSTART	true	true	true	pages/a108053.html#8.2.22	ProgrammersGuide/commands.rst#TStart	site/RCOS_ctstart.html#RCOS_ctstart
commands	USE	true	true	true	pages/a108054.html#8.2.23	ProgrammersGuide/commands.rst#Use	site/RCOS_cuse.html#RCOS_cuse
commands	WRITE	true	true	true	pages/a108056.html#8.2.25	ProgrammersGuide/commands.rst#Write	site/RCOS_cwrite.html#RCOS_cwrite
commands	XECUTE	true	true	true	pages/a108057.html#8.2.26	ProgrammersGuide/commands.rst#Xecute	site/RCOS_cxecute.html#RCOS_cxecute
intrinsic-functions	$ASCII	true	true	true	pages/a107084.html#7.1.5.1	ProgrammersGuide/functions.rst#$ASCII()	site/RCOS_fascii.html#RCOS_fascii
intrinsic-functions	$CHAR	true	true	true	pages/a107085.html#7.1.5.2	ProgrammersGuide/functions.rst#$CHAR()	site/RCOS_fchar.html#RCOS_fchar
intrinsic-functions	$DATA	true	true	true	pages/a107086.html#7.1.5.3	ProgrammersGuide/functions.rst#$DATA()	site/RCOS_fdata.html#RCOS_fdata
intrinsic-functions	$EXTRACT	true	true	true	pages/a107089.html#7.1.5.4	ProgrammersGuide/functions.rst#$EXTRACT()	site/RCOS_fextract.html#RCOS_fextract
intrinsic-functions	$FIND	true	true	true	pages/a107090.html#7.1.5.5	ProgrammersGuide/functions.rst#$FIND()	site/RCOS_ffind.html#RCOS_ffind
intrinsic-functions	$FNUMBER	true	true	true	pages/a107091.html#7.1.5.6	ProgrammersGuide/functions.rst#$FNUMBER()	site/RCOS_ffnumber.html#RCOS_ffnumber
intrinsic-functions	$GET	true	true	true	pages/a107092.html#7.1.5.7	ProgrammersGuide/functions.rst#$GET()	site/RCOS_fget.html#RCOS_fget
intrinsic-functions	$INCREMENT	false	true	true		ProgrammersGuide/functions.rst#$INCREMENT()	site/RCOS_fincrement.html#RCOS_fincrement
intrinsic-functions	$JUSTIFY	true	true	true	pages/a107094.html#7.1.5.8	ProgrammersGuide/functions.rst#$JUSTIFY()	site/RCOS_fjustify.html#RCOS_fjustify
intrinsic-functions	$LENGTH	true	true	true	pages/a107095.html#7.1.5.9	ProgrammersGuide/functions.rst#$LENGTH()	site/RCOS_flength.html#RCOS_flength
intrinsic-functions	$NAME	true	true	true	pages/a107098.html#7.1.5.10	ProgrammersGuide/functions.rst#$NAME()	site/RCOS_fname.html#RCOS_fname
intrinsic-functions	$ORDER	true	true	true	pages/a107100.html#7.1.5.11	ProgrammersGuide/functions.rst#$ORDER()	site/RCOS_forder.html#RCOS_forder
intrinsic-functions	$PIECE	true	true	true	pages/a107101.html#7.1.5.12	ProgrammersGuide/functions.rst#$PIECE()	site/RCOS_fpiece.html#RCOS_fpiece
intrinsic-functions	$QLENGTH	true	true	true	pages/a107102.html#7.1.5.13	ProgrammersGuide/functions.rst#$QLENGTH()	site/RCOS_fqlength.html#RCOS_fqlength
intrinsic-functions	$QSUBSCRIPT	true	true	true	pages/a107103.html#7.1.5.14	ProgrammersGuide/functions.rst#$QSUBSCRIPT()	site/RCOS_fqsubscript.html#RCOS_fqsubscript
intrinsic-functions	$QUERY	true	true	true	pages/a107104.html#7.1.5.15	ProgrammersGuide/functions.rst#$QUERY()	site/RCOS_fquery.html#RCOS_fquery
intrinsic-functions	$RANDOM	true	true	true	pages/a107105.html#7.1.5.16	ProgrammersGuide/functions.rst#$RANDOM()	site/RCOS_frandom.html#RCOS_frandom
intrinsic-functions	$REVERSE	true	true	true	pages/a107106.html#7.1.5.17	ProgrammersGuide/functions.rst#$REVERSE()	site/RCOS_freverse.html#RCOS_freverse
intrinsic-functions	$SELECT	true	true	true	pages/a107107.html#7.1.5.18	ProgrammersGuide/functions.rst#$SELECT()	site/RCOS_fselect.html#RCOS_fselect
intrinsic-functions	$TEXT	true	true	true	pages/a107109.html#7.1.5.20	ProgrammersGuide/functions.rst#$TEXT()	site/RCOS_ftext.html#RCOS_ftext
intrinsic-functions	$TRANSLATE	true	true	true	pages/a107111.html#7.1.5.21	ProgrammersGuide/functions.rst#$TRANSLATE()	site/RCOS_ftranslate.html#RCOS_ftranslate
intrinsic-special-variables	$DEVICE	true	true	true	pages/a107058.html#7.1.4.10	ProgrammersGuide/isv.rst#$DEVICE	site/RCOS_vdevice.html#RCOS_vdevice
intrinsic-special-variables	$ECODE	true	true	true	pages/a107059.html#7.1.4.10	ProgrammersGuide/isv.rst#$ECODE	site/RCOS_vecode.html#RCOS_vecode
intrinsic-special-variables	$ESTACK	true	true	true	pages/a107060.html#7.1.4.10	ProgrammersGuide/isv.rst#$ESTACK	site/RCOS_vestack.html#RCOS_vestack
intrinsic-special-variables	$ETRAP	true	true	true	pages/a107061.html#7.1.4.10	ProgrammersGuide/isv.rst#$ETRAP	site/RCOS_vetrap.html#RCOS_vetrap
intrinsic-special-variables	$HOROLOG	true	true	true	pages/a107062.html#7.1.4.10	ProgrammersGuide/isv.rst#$HOROLOG	site/RCOS_vhorolog.html#RCOS_vhorolog
intrinsic-special-variables	$IO	true	true	true	pages/a107063.html#7.1.4.10	ProgrammersGuide/isv.rst#$IO	site/RCOS_vio.html#RCOS_vio
intrinsic-special-variables	$JOB	true	true	true	pages/a107065.html#7.1.4.10	ProgrammersGuide/isv.rst#$JOB	site/RCOS_vjob.html#RCOS_vjob
intrinsic-special-variables	$KEY	true	true	true	pages/a107066.html#7.1.4.10	ProgrammersGuide/isv.rst#$KEY	site/RCOS_vkey.html#RCOS_vkey
intrinsic-special-variables	$PRINCIPAL	true	true	true	pages/a107068.html#7.1.4.10	ProgrammersGuide/isv.rst#$PRINCIPAL	site/RCOS_vprincipal.html#RCOS_vprincipal
intrinsic-special-variables	$QUIT	true	true	true	pages/a107069.html#7.1.4.10	ProgrammersGuide/isv.rst#$QUIT	site/RCOS_vquit.html#RCOS_vquit
intrinsic-special-variables	$STORAGE	true	true	true	pages/a107072.html#7.1.4.10	ProgrammersGuide/isv.rst#$STORAGE	site/RCOS_vstorage.html#RCOS_vstorage
intrinsic-special-variables	$SYSTEM	true	true	true	pages/a107073.html#7.1.4.10	ProgrammersGuide/isv.rst#$SYSTEM	site/RCOS_vsystem.html#RCOS_vsystem
intrinsic-special-variables	$TEST	true	true	true	pages/a107074.html#7.1.4.10	ProgrammersGuide/isv.rst#$TEST	site/RCOS_vtest.html#RCOS_vtest
intrinsic-special-variables	$TLEVEL	true	true	true	pages/a107075.html#7.1.4.10	ProgrammersGuide/isv.rst#$TLEVEL	site/RCOS_vtlevel.html#RCOS_vtlevel
intrinsic-special-variables	$X	false	true	true		ProgrammersGuide/isv.rst#$X	site/RCOS_vx.html#RCOS_vx
intrinsic-special-variables	$Y	false	true	true		ProgrammersGuide/isv.rst#$Y	site/RCOS_vy.html#RCOS_vy
